{
  "project_info": {
    "project_number": "959816150694",
    "project_id": "my-application-ea62b",
    "storage_bucket": "my-application-ea62b.appspot.com"
  },
  "client": [
    {
      "client_info": {
        "mobilesdk_app_id": "1:959816150694:android:3448320be8c37f34be8e67",
        "android_client_info": {
          "package_name": "com.example.myapplication"
        }
      },
      "oauth_client": [
        {
          "client_id": "959816150694-j0nejj1qfiav909pq8rupvrf96ric04b.apps.googleusercontent.com",
          "client_type": 3
        }
      ],
      "api_key": [
        {
          "current_key": "AIzaSyCjyFfBNL9Zh_8pAv1reRk85Z9OB9zaZdA"
        }
      ],
      "services": {
        "appinvite_service": {
          "other_platform_oauth_client": [
            {
              "client_id": "959816150694-j0nejj1qfiav909pq8rupvrf96ric04b.apps.googleusercontent.com",
              "client_type": 3
            }
          ]
        }
      }
    }
  ],
  "configuration_version": "1"
}